"Tag";"BW";"BY";"BE";"BB";"HB";"HH";"HE";"MV";"NI";"NW";"RP";"SL";"SN";"ST";"SH";"TH";"DE"
"2020/01/01";15,64;11,76;5,57;-4,31;1,3;2,54;3,79;-2,16;-2,73;11,82;5,56;3,97;12,08;15,12;0,72;11,49;8,15
"2020/01/02";-15,92;-13,44;-14,55;-23,7;-19,72;-19,15;-23,1;-9,19;-20,79;-15,57;-17,69;-14,47;-16,14;-13,25;-14,05;-18,06;-16,61
"2020/01/03";-14,25;-11,32;-14,02;-22,1;-17,66;-16,45;-19,49;-14,79;-20,17;-14,41;-16,56;-13,42;-15,6;-12,23;-15,55;-17,16;-15,34
"2020/01/04";0,01;-0,44;-5,87;-14,32;-7,67;-7,76;-13,5;-6,86;-10,74;-2,72;-5,3;0,13;-6,22;-1,3;-5,77;-6,57;-4,74
"2020/01/05";8,75;7,34;-1,06;-8,52;-3,39;2,37;-12,51;-1,81;-7,91;1,83;0,26;4,72;-1,99;7,22;-1,61;-1,76;0,8
"2020/01/06";15,03;14,25;1,55;-5,14;-7,53;-1,74;-15,14;-2,38;-11,63;-3,74;-7,06;3,69;0,3;9,52;-6,87;1,4;-1,68
"2020/01/07";3,28;2,39;1,8;-5,6;-0,45;-0,22;-14,92;-2,17;-2,86;4,82;0,85;2,88;0,78;8,65;0,63;0,68;0,66
"2020/01/08";10,4;7,05;5,82;-2,08;3,83;2,39;-11,15;-1,52;0,77;10,58;5,61;8,74;5,22;11,13;2,01;4,52;5,31
"2020/01/09";11,87;7,87;5,5;-2,55;5,98;3,4;-11,4;-2,04;3,07;9,94;5,48;7,23;4,76;10,25;2,17;3,94;5,62
"2020/01/10";12,84;10,54;6,96;-0,15;5,02;4,4;-8,18;0,24;2,89;9,24;5,26;7,25;6,78;12,5;3,17;6,23;6,73
"2020/01/11";12,24;8,61;5,93;-2,01;5,2;3,28;-2,52;0,62;1;8,59;4,18;8,18;3,93;11,57;1,66;8,22;6,12
"2020/01/12";10,52;9,01;6,28;-2,09;1,48;-0,19;-2,83;-5,1;-4,15;7,52;3,9;6,26;6,07;7,06;-5,72;4,38;4,66
"2020/01/13";8,43;5,65;4,37;-3,91;2,84;2,11;-0,01;-0,81;-0,59;6,61;2,11;4,59;2,18;8,27;2,22;2,15;4,09
"2020/01/14";5,96;4,24;2,29;-4,06;-2,04;-1,62;-0,92;-2,18;-3,46;2,11;1,08;3,31;1,69;6,91;-2,14;1,7;1,72
"2020/01/15";14,69;10,41;7,93;0,29;4,71;4,38;6,19;2,22;2,26;11,04;8,98;12,65;7,31;13,28;2,26;8,38;8,75
"2020/01/16";16,09;10,83;11,01;1,35;10,47;7,29;6,1;1,15;7,35;12,78;8,78;10,67;10,61;15,13;6,79;7,78;10,43
"2020/01/17";15,15;13,08;10,31;1,29;7,1;7,16;6,82;3,64;5,34;10,81;6,63;8,8;9,35;15,23;6,76;7,7;9,92
"2020/01/18";14,64;9,92;10,2;1;6,72;4,68;3,32;3,32;2,01;9,37;6,15;8,1;8,03;13,43;2,41;6,46;8,06
"2020/01/19";11,08;7,07;8,88;-0,77;11,04;10,08;3,92;7,42;3,8;12,04;6,62;10,77;1,63;9,21;11,57;2,99;7,96
"2020/01/20";9,21;5,52;4,54;-3,09;2,02;1,44;1,49;0,07;-0,6;5,54;3,22;5,86;2,87;8,09;2,72;3,01;4,22
"2020/01/21";9,05;6,1;7,26;-1,13;3,08;2,74;1,88;1,2;0,9;6,35;4,03;5,25;5;10,3;2,66;3,92;5,11
"2020/01/22";15,33;10,13;9,29;0,33;7,58;6,37;6,37;2,15;3,7;9,99;9,99;16,17;7,16;12,62;5,77;5,92;8,97
"2020/01/23";10,7;6,55;4,04;-1,62;4,54;1,92;2,34;-2,83;2,42;5,64;4,98;6,68;5,49;9,3;1,87;4,32;5,21
"2020/01/24";13,71;10,51;6,19;0,06;3,59;2,66;4,78;1,08;1,46;6,43;5,91;7,14;6,24;10,57;2,61;5,71;6,93
"2020/01/25";14,85;11,54;5,92;-1,63;4,64;2,52;2,55;1,42;1,31;7,62;4,9;5,85;6,85;10,88;1,93;5,2;7,22
"2020/01/26";16,14;10,29;7,99;-4,23;10,09;4,46;2,35;1,48;1,46;15,69;7,9;11,18;4,45;7,27;5,26;4,76;9,21
"2020/01/27";8,36;6,34;4,43;-2,33;1,44;0,63;-0,24;-0,9;-0,9;4;2,14;2,17;3,02;8,07;1,77;2,07;3,59
"2020/01/28";6,92;4,28;4,21;-2,7;0,89;5,2;0,4;0,05;-0,82;4,3;1,88;1,54;2,58;8,06;4,69;1,31;3,32
"2020/01/29";14,63;9,38;8,94;1,28;5,27;3,15;6,9;0,55;3,2;10,8;10,42;14,25;7,77;13,31;5,07;6,68;8,85
"2020/01/30";16,6;11,21;8,49;1,05;10,04;6,73;7,59;-0,6;7,25;11,89;10,72;14,18;9,15;13,83;5,72;7,21;10,28
"2020/01/31";17,18;14,09;11,35;4,32;10,13;3,1;10,05;5,79;7,79;14,5;11,35;11,76;11,87;17,56;9,02;10,28;12,34
"2020/02/01";8,2;5,18;-2,08;-9,3;4,12;2,19;-0,62;-1,21;-2,43;4,74;4,96;5,74;5,92;6,49;1,07;-0,75;3,16
"2020/02/02";2,23;-2,17;-5,19;-14,91;-3,81;-2,16;-2,64;3,32;-9,24;0,09;-0,19;-0,21;1,16;0,9;-1,26;-5,74;-1,93
"2020/02/03";7,03;3,43;-6,23;-13,16;-3,94;0,81;1,2;3,31;-8,44;4,04;6,84;8,44;8,17;9,41;-1,57;3,11;2,08
"2020/02/04";7,86;3,82;-4,34;-11,85;1,06;2,97;1,77;4,6;-6,38;3,94;6,81;7,08;9,31;10,5;1,98;2,95;2,9
"2020/02/05";8,77;4,73;-2,86;-10,48;3,94;4,55;3,45;9,1;1,68;6,33;5,21;7,83;7,3;12,06;4,04;4,65;4,85
"2020/02/06";8,74;4,21;-5,8;-13,68;2,11;2,67;0,88;2,48;-0,76;3,72;5,92;7,86;8,23;8,72;1,21;1,71;3,15
"2020/02/07";10,09;6;-4,8;-13,02;5,08;4,33;2,75;4,42;3,6;6,02;4,26;5,57;6,89;9,36;2,73;3,29;4,82
"2020/02/08";9,79;6,93;2,84;-3,82;7,76;4,78;1,21;0,11;0,64;5,2;2,18;4,95;3,87;5,5;2,06;-1,05;4,45
"2020/02/09";7,61;9;-2,33;-13,6;-12,29;-8,72;-7,14;-16,08;-17,58;-15,71;-8,95;-8,49;-1,79;-9,46;-17,1;-13,12;-6,01
"2020/02/10";-4,56;-14,64;-1,76;-6,21;-7,41;-3,78;-11,33;-13,45;-10,35;-11,76;-7,26;-6,69;-8,2;-9,16;-2,84;-14,87;-9,63
"2020/02/11";8,85;5,23;4,43;-0,15;1,61;0,29;3,06;-10,47;-0,49;4,18;6,78;9,39;-2,2;-3,39;-0,23;-8,48;3,11
"2020/02/12";7,22;4,74;4,91;1,25;3,17;1,51;1,05;-6,63;0,28;4,38;1,37;2,51;-4,34;-0,86;1,62;-8;2,68
"2020/02/13";7,16;4,9;3,97;0,11;0,05;0,45;-1,08;-7,64;-1,79;2,18;2,78;3,91;-3,09;-3,92;0,81;-9,73;1,69
"2020/02/14";10,98;7,12;8,04;2,72;7,57;6,44;2,76;-5,94;5,14;6,4;4,34;5,03;-4,6;-1,03;4,78;-6,49;5,22
"2020/02/15";12,57;8,78;7,51;2,13;7,33;5,02;3,07;-2,95;3,29;8,8;2,24;3,27;1,05;5,41;3,42;-0,4;6,53
"2020/02/16";15,66;10,49;0,76;-7,48;-4,81;-3,14;0,83;-13,79;-8,2;0,29;1,53;2,44;-1,66;0,38;-9,93;-3,95;2,21
"2020/02/17";7,62;6,56;5,8;1,1;3,85;2,68;1,65;-5,16;0,81;7,18;-5,38;-5,07;-2,14;9,79;1,86;4,11;4,11
"2020/02/18";10,92;8,14;6,52;1,35;4,52;3,7;2,34;-6,92;1,82;7,07;-4,17;-3,91;-0,19;10,72;2,75;5,19;5,21
"2020/02/19";8,82;5,85;5,08;2,01;4,38;2,44;0,19;-3,02;1,27;6,27;-7,38;-6,59;-4,36;10,74;3,75;3,76;3,78
"2020/02/20";8,3;6,98;4,73;0,62;3,22;1,32;-0,24;-6,86;0,12;2,62;-6,93;-5,27;-2,31;9,52;1,72;3,28;2,83
"2020/02/21";5,33;7,72;7,33;2,36;5,39;4,29;0,06;-3,71;4,58;-1,88;-7,6;-7,16;-3,46;11,1;3,67;5,57;2,39
"2020/02/22";7,84;7,83;5,52;-1,42;3,68;0,89;-0,63;-6,48;-0,81;1,62;1,03;0,83;1,82;6,92;-2,21;2,57;2,99
"2020/02/23";3,27;2,54;1,21;-10,12;-6,12;-2,68;-4,66;-10,7;-10,66;-5,41;-0,81;-2,23;-5,91;-3,18;-9,24;-8,56;-3,19
"2020/02/24";-4,25;-4,07;4,7;0,57;0,62;-0,56;-8,59;3,92;-0,81;-14,59;-12,81;-18,88;9,06;8,24;1,44;2,26;-4,89
"2020/02/25";-5,7;-6,1;7,06;2,33;3,94;1,9;-4,81;3,31;1,63;-3,52;-8,91;-10,07;10,51;10,09;1,85;3,57;-1,85
"2020/02/26";-5,12;-5,32;4,06;0,89;3,23;2,22;-2,46;5,64;0,47;0,41;-2,51;-1,73;6,21;9,05;4,07;1;-0,68
"2020/02/27";-6;-4,94;3,72;0,25;1,9;0,88;-2,68;4,15;-0,19;1,32;-0,25;-3,48;8,25;8,28;2,05;1,11;-0,6
"2020/02/28";-0,74;-3,77;7,28;2,67;7,12;3,72;0,89;8,02;5,34;4,72;3,16;3,2;7,4;10,83;5;4,33;2,66
"2020/02/29";2,61;0,69;4,88;-1,02;5,95;-1,83;-1,37;0,88;2,27;2,75;1,22;0,53;3,9;8,14;1,44;0,88;1,89
"2020/03/01";2,53;-2,34;2,7;-2,87;4,12;-6,86;-2,33;4,35;-2,49;1,83;-2,68;-0,72;1,19;7,32;-2,94;1,42;-0,08
"2020/03/02";5,66;2,98;-2,98;-1,07;-1,42;-10,25;-1,11;5,34;-1,59;2,3;4,16;7,02;0,2;6,04;0,93;2,16;1,73
"2020/03/03";5,32;1,44;-5,6;-3,13;-1,89;-11,48;-0,71;2,51;-2,97;2,04;4,57;5,75;-3,05;3,28;-0,18;-1,41;0,65
"2020/03/04";5,65;1,85;-1,86;-0,44;0,92;-8,13;-1,73;5,4;-0,69;3,38;1,6;1,87;-0,13;5,65;3,25;-1,25;1,74
"2020/03/05";3,38;1,25;-1,01;-0,59;1,04;-8,33;-3,11;5,82;-0,78;1,23;-1,12;-0,84;0,42;5,78;2,64;-0,87;0,67
"2020/03/06";4,09;0,38;-4,7;-3,32;-3,44;-14,12;-4,02;0,5;-4,44;1,14;1,53;1,33;0,15;3,53;-1,27;-2,63;-0,43
"2020/03/07";2,6;-3,26;-4,82;-6,92;2,33;-7,41;-2,42;0,72;-1,13;3,56;0,42;2,02;-5,71;3,1;2,31;-3,91;-0,44
"2020/03/08";7,73;2,43;-8,36;0,91;1,41;-9,1;-0,54;9,1;-2,28;2,7;2,02;2,33;3,99;12,14;-2,88;5,59;2,02
"2020/03/09";8,71;3,4;-0,45;-0,23;3,02;-8,16;3,08;6,51;1,02;9,86;7,6;9,31;1,26;8,12;3,69;2,21;4,97
"2020/03/10";1;-2,22;-7,07;-3,57;-3,94;-14,13;-5,59;1,76;-4,81;-2,16;-0,45;-0,16;-1,74;2,62;-2,24;-3,15;-2,49
"2020/03/11";3,72;-1,42;-5,37;-1,69;-0,26;-8,65;-4,64;7,18;-1,74;-1,96;-0,97;0,59;-3,02;4,64;3,34;-2,84;-1,03
"2020/03/12";3,84;0,44;-5,79;-3,07;-2,23;-12,1;-2,99;1,89;-2,47;2,14;-0,53;-1,06;-0,64;4,89;-1,21;-0,88;-0,01
"2020/03/13";3,74;-1,96;-9,5;-3,86;-8;-17,12;-4,5;0,75;-7,14;-0,85;0,49;0,04;-0,77;1,13;-3,37;-1,94;-2,13
"2020/03/14";-8,7;-12,34;-13,05;-5,08;-9,4;-15,37;-14,08;0,47;-10,34;-9,36;-11,45;-11,95;-7,44;-1,13;-6,05;-6,31;-9,82
"2020/03/15";-2,94;-8,85;-19,24;-11,48;-15,1;-22,17;-11,35;-5,33;-15,49;-10,71;-6,49;-5,96;-4,01;5,08;-18,4;2,38;-9,45
"2020/03/16";1,64;-7,42;-12,75;-3,29;-11,59;-18,3;-10,85;-3,2;-12,35;-6,73;-6,33;-7,75;-5,14;0,94;-11,93;0,7;-6,66
"2020/03/17";-15,06;-19,14;-26,37;-7,87;-20,35;-29,63;-21,46;-11,24;-21,84;-18,17;-14,73;-16,88;-12,79;-6,53;-20,88;-12,81;-17,86
"2020/03/18";-18,24;-23,42;-29,25;-13,61;-26,8;-33,5;-28,29;-15,36;-25,42;-24,45;-22,47;-24,57;-13,05;-8,56;-26,81;-14,64;-22,46
"2020/03/19";-22,29;-26,41;-37,1;-21,61;-32,95;-37,27;-31,43;-21,04;-31,4;-31,42;-25,91;-28,71;-21,11;-14,55;-28,51;-18,68;-27,56
"2020/03/20";-26,07;-27,7;-41,26;-28,85;-36,93;-40,75;-35,81;-27,21;-36,27;-36,99;-28,1;-29,19;-29,43;-22,79;-32,18;-28,64;-32,02
"2020/03/21";-48,56;-63,89;-43,02;-34,97;-42,5;-45,1;-46,21;-36,82;-41,86;-40;-45,66;-54,2;-39,7;-30,37;-37,58;-40,14;-45,99
"2020/03/22";-43,52;-60,49;-43,53;-34,64;-40,19;-45,37;-43,01;-36,35;-42,44;-40,47;-42,27;-48,63;-34,77;-24,23;-42,28;-30,87;-44,23
"2020/03/23";-31,95;-39,96;-43,8;-30,02;-38,04;-41,18;-37,83;-26,71;-37,06;-33,64;-31,66;-36;-34,41;-22,9;-33,97;-28,94;-35,06
"2020/03/24";-34,41;-41,58;-45,75;-32,36;-40,1;-43,62;-41;-31,58;-39,3;-37,37;-34,51;-38,9;-35,86;-25,62;-35,77;-31,63;-37,66
"2020/03/25";-35,61;-43,21;-45,9;-31,78;-39,37;-42,55;-41,49;-30,01;-38,69;-37,69;-36,48;-39,62;-35,9;-25,53;-33,4;-31,87;-38,11
"2020/03/26";-35,44;-43,85;-45,01;-31,2;-39,4;-42,52;-41,41;-29,1;-38,52;-37,76;-36,66;-40,12;-36,29;-25,69;-33,94;-32,45;-38,16
"2020/03/27";-33,1;-42,18;-44,36;-32,03;-40,79;-43,39;-39,94;-31,22;-38,84;-37,56;-34,86;-37,97;-34,23;-25,97;-35,09;-31,06;-37,33
"2020/03/28";-33,59;-45,67;-41,49;-32,53;-41,98;-43,36;-38,82;-34,76;-39,91;-37,23;-35,73;-38,38;-38,62;-28,13;-35,04;-30,64;-38,26
"2020/03/29";-55,81;-61,92;-58,88;-55,02;-52,09;-55,07;-53,45;-50,49;-54,73;-54,37;-51,25;-50,43;-54,33;-44,77;-48,22;-47,9;-55,26
"2020/03/30";-30,66;-39,8;-46,89;-33,53;-41,62;-43,93;-36,56;-32,85;-40,08;-33,75;-30,31;-32,45;-34,42;-25,82;-34,29;-29,88;-35,57
"2020/03/31";-31,9;-40,65;-44,79;-32,6;-37,6;-40,6;-38,06;-30,32;-36,9;-33,88;-31,33;-35,88;-35,95;-24,65;-30,97;-31,22;-35,47
"2020/04/01";-29,39;-39,88;-42,6;-29,22;-41,29;-46,22;-35,64;-33,1;-37,63;-32,04;-31,62;-33,86;-34,35;-24,34;-36,4;-27,79;-34,55
"2020/04/02";-28,03;-37,47;-43,54;-30,01;-39,81;-45,13;-32,58;-31,86;-38,1;-31,04;-28,94;-32,58;-33,37;-23,83;-35,28;-26,55;-33,28
"2020/04/03";-30,57;-39,87;-42,3;-28,44;-39,72;-43,66;-35,26;-30,55;-37,68;-31,77;-29,83;-35,98;-34,94;-23,09;-33,05;-29,88;-34,32
"2020/04/04";-30,76;-45,04;-40,45;-36,02;-41,81;-44,1;-32,84;-41,65;-38,2;-29,64;-30,76;-36,11;-42,86;-31,18;-39,56;-33,52;-36,08
"2020/04/05";-27,87;-45,78;-36,84;-25,52;-35,82;-38,7;-33,5;-35,42;-37,42;-29,39;-31,85;-35,64;-32,84;-24,57;-36,11;-22,93;-34,05
"2020/04/06";-26,95;-34,75;-36,4;-21,6;-32,26;-37,8;-30,72;-21,4;-29,65;-27,62;-25,46;-32,22;-28,76;-17,66;-26,78;-22,34;-29,04
"2020/04/07";-30,63;-37,79;-37,25;-24,1;-34,24;-39,15;-34,44;-26,68;-31,09;-32,23;-30,28;-34,98;-28,24;-18,97;-29,43;-23,35;-32,09
"2020/04/08";-26,92;-35,08;-34,93;-20,18;-31,9;-37,3;-30,56;-23;-28,28;-27,09;-27,93;-30,24;-25,11;-15,75;-26,14;-19,52;-28,53
"2020/04/09";-23,99;-33,64;-35,21;-19,15;-28,5;-34,52;-30,15;-23,92;-27,26;-26,56;-24,94;-28,58;-26,06;-15,19;-24,2;-20,45;-27,39
"2020/04/10";-27,95;-42,96;-37,6;-37,46;-37,71;-40,39;-28,94;-47,57;-37,93;-26,06;-31,97;-36,35;-41,15;-29,87;-40,94;-29,53;-34,28
"2020/04/11";-23,78;-37,31;-34,73;-24,43;-33,91;-36,95;-25,97;-32,95;-30,09;-22,07;-22,35;-28,42;-31,79;-19,44;-28,87;-22,43;-27,97
"2020/04/12";-25,74;-41,53;-27;-33,57;-28,99;-32,65;-30,36;-19,93;-29,21;-24,35;-27,97;-32,68;-22,05;-8,45;-25,67;-14,78;-28,57
"2020/04/13";-33,92;-52,74;-46,8;-47,01;-45,39;-43,04;-42,91;-50,23;-46,71;-37,3;-41,47;-41,36;-52,1;-37,87;-43,15;-43,47;-43,44
"2020/04/14";-28,49;-38,05;-39,73;-25,5;-36,45;-41,17;-32,02;-27,42;-32,79;-29,56;-25,77;-30,45;-34,26;-19,89;-31,42;-27,5;-31,73
"2020/04/15";-23,9;-34,08;-38,46;-23,83;-32,2;-38,22;-28,25;-25,78;-29,1;-23,71;-23,6;-26,83;-30,76;-18,63;-28,81;-23,33;-27,83
"2020/04/16";-22,2;-31,25;-34,33;-20,45;-30,04;-36,78;-26,41;-23,89;-26,85;-22,11;-22,27;-26,99;-25,91;-13,95;-26,62;-19,6;-25,44
"2020/04/17";-22,53;-31,22;-33,77;-18,59;-30,23;-34,65;-26,75;-21,51;-26,62;-23,45;-21,84;-27,52;-24,35;-11,98;-23,7;-18,68;-25,32
"2020/04/18";-24,31;-37,95;-31,18;-22,85;-32,45;-34,7;-28,49;-28,66;-29,03;-26,89;-26,03;-29,75;-29,65;-17,72;-28,77;-21,7;-28,9
"2020/04/19";-22,09;-41,23;-32,61;-19,97;-31,23;-34,25;-32,04;-30,65;-31,85;-27,22;-28,76;-28,39;-27,94;-18,58;-30,34;-24,33;-30,05
"2020/04/20";-21,95;-28,25;-32,82;-17,35;-27,21;-33,94;-24,5;-15,47;-24,06;-21,09;-19,15;-24,65;-21,96;-12,54;-20,73;-18,92;-23,22
"2020/04/21";-22,1;-29,17;-32,75;-17,88;-27,52;-33,72;-24,52;-18,47;-25,01;-21;-18,97;-24,45;-22,32;-13,09;-23,3;-19,7;-23,68
"2020/04/22";-17,45;-25,75;-29,78;-13,59;-26,42;-32,78;-22,2;-15,62;-23,77;-17,82;-17,65;-20,02;-19,35;-10,98;-20,87;-16,97;-20,73
"2020/04/23";-18,33;-25,67;-28,69;-14,99;-24,03;-31,65;-22,28;-15,32;-22,73;-16,79;-18,11;-21,49;-18,82;-10,56;-19,22;-14,74;-20,34
"2020/04/24";-18,83;-26,77;-29,94;-12,24;-27,29;-32,44;-23,54;-14,69;-23,37;-18,64;-17,48;-23,33;-17,17;-8,64;-19;-15,97;-21,01
"2020/04/25";-18,65;-29,5;-33,46;-22,37;-31,41;-33,71;-22,31;-26,01;-27,7;-20,62;-19,1;-23,14;-29,98;-20,91;-25,69;-24,16;-24,46
"2020/04/26";-18,75;-29,19;-31,06;-13,07;-34,3;-37,89;-24,23;-28,46;-30,42;-21,82;-21,19;-23,86;-18,16;-13,11;-34,7;-13,41;-24,32
"2020/04/27";-19,2;-22,73;-27,94;-12,27;-24,6;-31,94;-21,39;-12,26;-21,63;-19;-17,2;-21,72;-17,7;-9,69;-18,34;-14,65;-19,93
"2020/04/28";-22,76;-26,17;-29,17;-12,53;-28,32;-34,96;-26,89;-15,86;-25,24;-23,54;-21,72;-26,49;-19,59;-11,83;-22,52;-18,47;-23,58
"2020/04/29";-19,88;-26,08;-32,46;-12,22;-28,67;-36,22;-22,46;-17;-23,81;-20,57;-18,85;-20,91;-19,3;-10,77;-23,98;-15,06;-22,01
"2020/04/30";-17,69;-21,46;-29,17;-10,71;-24,33;-32,55;-21,07;-14,52;-20,87;-13,86;-16,4;-18;-16,01;-6,51;-18,8;-13,38;-18,13
"2020/05/01";-41,14;-44,75;-45,95;-26,23;-44,76;-44,58;-40,42;-26,15;-42,05;-32,04;-37,71;-42,87;-28,17;-28,91;-36,83;-33,82;-38,1
"2020/05/02";-23,09;-30,69;-44,17;-25,98;-42,05;-42,83;-26,36;-26,11;-35,24;-24,26;-20,1;-20,38;-34,25;-27,71;-31,88;-30,53;-28,59
"2020/05/03";-21,72;-32,72;-49,26;-32,8;-46,44;-47,95;-29,03;-27,51;-40,16;-27,08;-23,98;-27,25;-36,78;-32,77;-35,17;-30,84;-31,29
"2020/05/04";-18,86;-23,7;-41,74;-18,61;-34,26;-37,72;-22,92;-17,5;-29,69;-18,86;-15,9;-15,26;-26,62;-21,09;-25,63;-22,94;-23,04
"2020/05/05";-18,21;-22,12;-42,8;-20,4;-36,95;-39,3;-20,33;-21,07;-30,45;-18,48;-14,36;-15,87;-26,38;-20,42;-27,5;-21,09;-22,66
"2020/05/06";-17,07;-20,83;-30,69;-12,85;-28,49;-30,83;-21,56;-13,99;-23,76;-19,75;-16,1;-16,47;-18,85;-12,39;-20,02;-15,02;-19,95
"2020/05/07";-14,96;-19,26;-27,5;-8,18;-24,45;-28,16;-20,37;-9,33;-19,66;-18,4;-14,18;-16,02;-14,47;-7,6;-16,12;-11,52;-17,53
"2020/05/08";-14,76;-19,6;-45,93;-3,11;-22,36;-25,76;-19,75;-9,35;-18,22;-17,07;-14,68;-15,32;-11,42;-4,68;-13,66;-10,43;-17,27
"2020/05/09";-14,55;-20,08;-20,87;-6,07;-22,39;-26,32;-20,28;-9,23;-15,28;-14,9;-16,71;-16,77;-11,98;-4,54;-12,32;-9,52;-15,82
"2020/05/10";-14,11;-20,41;-26,29;-7,16;-21,52;-25,32;-21,78;1,1;-19,26;-20,5;-17,52;-15,45;-14,71;-7,11;-10,99;-13,85;-17,88
"2020/05/11";-23,95;-23,45;-33,27;-13,98;-24,25;-28,87;-27,15;-12,57;-20,53;-18,68;-21,49;-22,03;-21,99;-13,62;-15,92;-19,17;-21,71
"2020/05/12";-14,91;-17,31;-28,36;-9,64;-26,8;-30,53;-19,61;-12,23;-20,26;-17,19;-13,29;-13,89;-14,97;-8,68;-18,98;-12,12;-17,25
"2020/05/13";-21,5;-22,27;-25,94;-8,5;-24,52;-26,97;-21,03;-12,9;-19,74;-18,68;-15,65;-16,26;-13,47;-7,73;-17,95;-11,71;-19,1
"2020/05/14";-15,72;-19,51;-24,89;-4,53;-21,41;-22,91;-18,57;-3,86;-15,23;-14,14;-11,63;-13,26;-11,72;-5,16;-12,94;-10,12;-15,25
"2020/05/15";-14,07;-20,25;-21,74;-1,83;-21,79;-25,41;-14,92;-10,07;-15,33;-12,65;-10,23;-11,72;-8,43;-2,57;-14,25;-7,56;-14,19
"2020/05/16";-9,06;-15,65;-22,45;-7,01;-24,63;-25,78;-11,25;-13,27;-15,49;-13,48;-7,86;-10,07;-8,93;-6,86;-15,2;-7,33;-13,03
"2020/05/17";-9,34;-12,64;-23,76;-6,29;-25,67;-28,73;-13,37;-12,56;-18,2;-14,92;-9,24;-13,96;-11,57;-8,27;-19,69;-7,87;-13,83
"2020/05/18";-8,37;-8,99;-20,61;0,58;-15,18;-24,1;-11,22;-3,43;-11,16;-10,02;-7;-7,58;-3,43;-2,22;-8,37;-3,78;-9,24
"2020/05/19";-7,77;-9,06;-22,55;-0,26;-17,9;-22,98;-11,2;-1,41;-12,24;-10,11;-6,77;-7,75;-5,02;-3,52;-5,84;-3,45;-9,38
"2020/05/20";-6,04;-8,4;-15,95;9,54;-13,81;-19,86;-9,74;5,91;-7,25;-8,4;-4,09;-5,33;-1,11;0,96;1,11;-1,2;-6,5
"2020/05/21";-5,72;-10,84;-16,3;8,66;-1,17;-10,06;-6,46;-5;-6,32;-1,24;-4,31;-4,95;-0,48;-0,34;10,72;-2,14;-4,75
"2020/05/22";-15,05;-16,18;-26,99;-6,07;-28,34;-30,72;-19,42;-8,81;-20,96;-18,41;-13,81;-15,26;-18,23;-14,19;-11,72;-18,34;-17,4
"2020/05/23";-21,07;-24,49;-25,56;-5,89;-22,66;-26,86;-18,56;-4,69;-14,68;-14,15;-13,99;-16,05;-17,14;-8,55;-4,3;-14,04;-17,24
"2020/05/24";-9,4;-19,72;-29,31;-20,75;-24,74;-27,27;-17,12;-15,6;-26,96;-19,56;-12,93;-12,79;-19,9;-17,99;-15,98;-18,65;-18,8
"2020/05/25";-9,55;-13,24;-22,58;-1,06;-16,1;-19,97;-11,83;9,1;-10,65;-10,23;-7,07;-7,22;-9,33;-8,24;-3;-5,47;-10,27
"2020/05/26";-8,26;-10,74;-17,97;2,41;-14,18;-18,37;-11,72;17,82;-9,66;-8,52;-5,7;-6,65;-6,12;-5,47;-2,84;-4,7;-8,35
"2020/05/27";-8,21;-9,44;-16,85;3,79;-14,29;-17,82;-12,05;18,8;-10,49;-10,42;-6,62;-7,47;-4,5;-5,33;-4,16;-3,87;-8,5
"2020/05/28";-6,9;-12,45;-17,27;7,1;-12,29;-15,45;-10,37;30,58;-7,22;-8,08;-3,57;-5,25;-5,18;-2,44;0,47;-3,55;-7,15
"2020/05/29";-5,6;-10,6;-16,16;8,84;-8,67;-14,27;-7,94;26,55;-5,48;-5,2;-2,01;-4,04;-2,12;0,48;4,35;-1,31;-5,08
"2020/05/30";-2,43;-8,8;-16,9;12,48;-12,55;-17,06;-4,7;58,28;-4,76;-4,66;3,65;-0,35;-2,48;5,24;7,85;-0,51;-2,73
"2020/05/31";-0,84;-6,7;-17,8;16,14;-10,68;-18,48;-6,79;79,33;-3,2;-4,83;5,62;-4,93;-2,57;16,03;10,47;5,5;-1,33
"2020/06/01";20,77;8,92;-1,29;29,7;3,07;-1,61;2,05;60,37;5,18;2,86;8,5;4,74;8,99;18,09;21,88;14,25;9,89
"2020/06/02";-9,29;-8,33;-15,07;7,05;-14,25;-17,4;-10,95;28,09;-8,64;-10,19;-4,21;-6,11;-6,27;3,41;4,29;-2,5;-7,22
"2020/06/03";-13,01;-10,63;-14,27;7,94;-16,6;-21,86;-14,21;23,76;-10,14;-10,71;-7,73;-9,75;-6,63;0,35;0,09;-5,62;-9,27
"2020/06/04";-18,51;-18,69;-18,86;5,04;-21,12;-22,87;-17,81;18,94;-15,14;-16,04;-11,21;-12,37;-9,67;-2,71;-5,66;-8,83;-14,36
"2020/06/05";-14,77;-16,05;-17,81;5,34;-19,9;-19,61;-14,56;20,22;-14,75;-13,76;-9,94;-12,72;-9,64;-2,9;-4,75;-9,55;-12,35
"2020/06/06";-15,84;-17,74;-10,81;2,79;-16,42;-14;-13,5;16,86;-12,59;-9,88;-10,99;-11,31;-11,12;-5,1;-1,63;-14,1;-11,61
"2020/06/07";-20,25;-34,53;-18,59;-7,01;-28,49;-23,26;-16;16,69;-20,5;-18;-13,42;-16,29;-23,1;-8,17;-10,35;-14,5;-19,85
"2020/06/08";-13,75;-14,3;-15,02;8,58;-15,55;-19,49;-11,19;30,71;-8,86;-9,96;-4,56;-7,78;-5,2;2,4;1,67;-3,1;-8,91
"2020/06/09";-15,95;-17,47;-16,15;6,54;-13,5;-17,44;-12,36;32,03;-7,55;-8,48;-6,05;-8,5;-6,38;1,64;2,35;-4,34;-9,55
"2020/06/10";-12,7;-13,89;-13,97;9,67;-14,27;-16,47;-10,4;28,76;-7,84;-6,59;-2,69;-6,14;-5,83;3,08;2,63;-4,43;-7,59
"2020/06/11";-5,44;-6,37;-16,44;8,41;-19,89;-20,17;-12,72;24,5;-10,54;-5,33;-2,72;-7,47;-5,12;1,3;-0,82;-5,42;-5,9
"2020/06/12";-8,85;-5,8;-13,44;9,43;-14,1;-15,73;-13,2;26,85;-8,49;-11,44;-5,5;-10,69;-4,54;2,04;0,31;-2,39;-7,1
"2020/06/13";-6,97;-3,4;-18,88;5,91;-15,73;-18,19;-9,87;22,06;-12,04;-8,74;-4,08;-9,6;-8,88;-2,1;-3,04;-6,55;-6,88
"2020/06/14";-27,92;-33,33;-10,99;7,14;-31,44;-24,07;-23,91;23,63;-27,28;-21,49;-19,88;-21,51;-23,4;-18,1;-4,92;-25,7;-22,51
"2020/06/15";-11,04;-14,93;-14,85;8,87;-14,98;-18,23;-15,17;32,15;-10,14;-10,17;-6,24;-7,87;-6,18;0,48;3,11;-7,86;-9,3
"2020/06/16";-7,41;-8,67;-13,74;10,44;-12,62;-15,47;-13,55;37,29;-6,34;-8,65;-5,31;-5,84;-4,53;1,83;6,79;-3,64;-6,24
"2020/06/17";-10,12;-10,38;-16,69;9,49;-15,21;-18,57;-14,13;30,68;-9,75;-9,35;-7,04;-11,84;-6,16;-0,13;3,56;-4,75;-8,19
"2020/06/18";-6,03;-8,2;-15,74;9,29;-19,87;-19,91;-12,36;26,95;-14,18;-9,99;-3,16;-6,46;-9,52;-3,65;1,8;-10,17;-8,01
"2020/06/19";-4,18;-8,03;-16,56;7,92;-14,43;-17,75;-7,59;19,84;-9,95;-5,21;-2,26;-5,37;-8,31;-1,68;-3,59;-4,87;-5,92
"2020/06/20";-2,85;-11,62;-15,61;4,15;-11,3;-10,95;-6,09;11,86;-7,26;-2,55;-3,01;-4,44;-9,01;-1,37;4,72;-7,46;-5,33
"2020/06/21";0,57;-8,21;-8,75;2,4;-9,92;-11,15;-4,53;23,46;-6,11;-5,88;-0,18;-6,73;-7,16;1,34;6,55;0,39;-3,8
"2020/06/22";-6,51;-7,49;-12,18;12,02;-13,2;-16,74;-10,16;27,74;-6,97;-8,42;-3,55;-5,46;-4,74;2,38;3,48;-1,86;-5,78
"2020/06/23";-2,37;-1,91;-10,66;11,95;-9,44;-14,88;-8,64;31,39;-3,34;-5,62;-1,58;-4,56;-3,23;3,13;5,17;-1,22;-2,73
"2020/06/24";-2,21;-1,6;-11,64;13,26;-10,3;-13,76;-8,38;27,49;-3,93;-5,9;-2,19;-6,68;-4,27;3,18;6,68;-0,03;-2,84
"2020/06/25";-8,31;-8,61;-19,4;8,97;-17,32;-23,16;-11,74;23,99;-9,96;-11,75;-4,72;-7,96;-6,44;-1,81;1,54;-5,03;-8,34
"2020/06/26";-7,73;-4,78;-26,58;4,01;-21,72;-26,8;-11,46;21,31;-13,42;-14,26;-6,37;-11,17;-10,2;-6,76;-2,52;-7,58;-9,67
"2020/06/27";-2,05;-3,15;-11,42;15,03;-13,67;-15,69;-8,38;32,57;-8,6;-9,52;-3,79;-7;-3,71;-2,29;3,69;-7,43;-4,56
"2020/06/28";-9,69;-7,83;-17,78;3,05;-19,03;-24,08;-14,56;20,96;-15,5;-15,33;-8,81;-14,85;-10,83;-7,29;-6,11;-11,53;-11,08
"2020/06/29";-6,65;-7,99;-18,3;6,73;-12,14;-20,9;-9,27;32,69;-5,77;-12,9;-2,43;-5,91;-4,67;1,91;0,53;-2,61;-7,13
"2020/06/30";-1,55;-1,71;-16,96;5,77;-11,68;-22,13;-8,29;33,11;-4,66;-10,26;-1,81;-5,26;-2,72;2,51;-1,94;-1,25;-4,5
"2020/07/01";0,65;1,44;-11,3;14,78;-2,22;-11,2;1,42;36,76;2,74;-4,37;7,39;4,04;9,9;10,49;9,54;8,42;1,98
"2020/07/02";-4,22;-4,65;-6,74;15,85;0,33;-12,89;1,33;38,13;6,41;-5,33;7,73;3,81;6,76;11,14;8,6;6,34;0,32
"2020/07/03";-2,22;-3,06;-5,53;16,85;0,93;-10;4,01;39,26;8,33;-4,64;10,2;4,04;8,76;13,09;8,22;8,5;1,87
"2020/07/04";0,13;1;-5,69;13,92;-4,29;-13,2;-1,12;32,56;0,13;-3,09;3,75;-1,41;8,74;6,33;0,47;6,07;1,03
"2020/07/05";4,33;8,5;-10,32;11,51;-11,57;-17,88;-5,07;31,68;-7,67;-8,04;0,75;-7,97;10,97;5,67;-6,81;4,19;-0,01
"2020/07/06";-1,56;-1,78;-10,61;13,61;-1,56;-15,06;-6,21;43,12;3,73;-6,99;-0,09;-4,15;6,99;9,93;7,35;5,81;-0,62
"2020/07/07";2,41;1,89;-10,08;15,55;-2,18;-14,46;-4,81;47,99;5,26;-5,42;1,51;-2,94;8,67;12,57;6,88;8,72;1,61
"2020/07/08";-0,69;-0,57;-13,2;10,63;-1,9;-13,74;-11,29;46,79;2,68;-8,78;-3,63;-5,79;2,71;7,19;8,5;2,19;-1,7
"2020/07/09";-0,7;0,11;-15,13;10,12;-4,44;-17,99;-4,58;35,83;3,59;-7,27;2,56;-2,86;5,12;8,95;5,27;4,75;-0,69
"2020/07/10";-2,8;-2,45;-14,31;10;-3,08;-17,12;-5,97;34,88;3,97;-8,22;0,41;-4,83;5,72;9,2;2,45;5,25;-1,82
"2020/07/11";-1,22;-6,95;-7,81;13,12;0,22;-10,79;-4,09;44,43;4,47;-1,94;2,71;-4,06;6,69;8,4;8,06;6,39;0,17
"2020/07/12";9,22;10,73;-6,66;18,92;1,45;-11,62;-1,19;48,5;7,82;3,19;7,96;-0,13;14,45;14,51;9,24;12,37;7,63
"2020/07/13";-0,03;2,47;-11,7;15,88;-1,2;-14,98;-9,09;47,93;6,85;-7,16;-1,73;-6,67;8,07;12,96;9,22;8,61;0,67
"2020/07/14";2,08;4,09;-9,93;18,39;-4,7;-18,44;-8,98;47,56;5,01;-8,72;-1,87;-5,9;10,86;15,02;5,25;10,12;0,88
"2020/07/15";-5,22;-3,74;-17,28;8,76;2,17;-13,92;-10,39;42,13;6,99;-4,86;-3,75;-8,95;4,51;10,83;8,95;4,09;-1,72
"2020/07/16";-7,44;-6,55;-12,17;13,02;0,6;-12,21;-11,41;49,57;5,58;-9,97;-4,05;-9,89;5,93;9,33;11,74;6,1;-3,17
"2020/07/17";-4,39;-2,73;-11,25;13,96;-0,25;-11,14;-7,11;48,26;6,13;-6,77;-0,12;-6,6;8,98;10,03;13,37;10,26;-0,42
"2020/07/18";0,43;0,12;-5,4;18,33;0,93;-9,38;-5,23;54,8;6,02;-1,84;1,43;-6,58;6,02;9,34;15,01;5,41;2,39
"2020/07/19";8,95;14,13;-4,58;25,13;-1,22;-10,34;-2,13;63,97;5,71;2;7,26;-2,91;11,73;18,34;15,24;11,62;8,42
"2020/07/20";-0,62;4,51;-11,99;14,96;-6,89;-14,33;-10,4;55,89;-1,52;-8,11;-1,69;-8,11;-0,13;4,78;11,2;-0,26;-0,82
"2020/07/21";-10,26;-7,81;-19,68;3,42;-17,56;-24,33;-19,84;40;-12,48;-16,91;-13,27;-18,6;-9,52;-5,8;-3,42;-10,84;-11,3
"2020/07/22";0,1;3,69;-12,62;16;-7,4;-14,48;-8,62;58,67;-1,38;-5,94;-0,44;-7,15;1,84;5,85;9,99;1,21;0,02
"2020/07/23";-0,4;2,77;-11,14;17;-4,94;-12,63;-6,98;59,41;3,08;-6,04;1,29;-6,4;-0,19;6,88;11,86;0,31;0,5
"2020/07/24";-2,21;1,18;-9,27;17,11;-7,58;-13,19;-8,09;57,26;-0,74;-9,75;-0,77;-7,77;-0,55;5,21;10,29;-1,44;-1,46
"2020/07/25";1,28;2,9;-7,02;17,23;-7,19;-9,7;-7,4;58,4;-0,64;-5,96;-0,48;-7,94;0,38;5,04;12,06;0,38;0,62
"2020/07/26";-0,14;-4,7;-15,18;7,43;-10,01;-15,89;-11,41;52,59;-4,78;-4,45;-2,99;-10,98;-5,29;0,32;4,87;-6,29;-3,18
"2020/07/27";1,51;1,42;-11,58;17,33;-12,18;-13,63;-11,41;60,97;-5,13;-9,4;-4,01;-9,69;-2,42;3,27;11,52;-2,81;-1,91
"2020/07/28";2,79;-0,21;-9,91;18,44;-10,08;-12,13;-11,09;64,02;-3,36;-7,74;-4,09;-10,32;-0,52;5,76;11,39;-1,08;-1,11
"2020/07/29";3,2;0,93;-10,77;17,63;-10,88;-12;-9;65,55;-3,75;-4,96;-2,38;-8,2;-0,39;4,79;9,75;-0,87;-0,09
"2020/07/30";-2,58;-0,03;-9,95;18,85;-6,82;-9,54;-7,57;68,33;0,79;-5,2;-0,53;-7,35;-1,65;6,68;14,27;-1,63;-0,19
"2020/07/31";-4,83;-1,52;-3,66;21,25;-2,08;-4,56;-6,61;63,12;3,12;-5,29;-1,17;-8,09;-0,69;7,7;18,17;-1,3;0,01
"2020/08/01";3,07;8,88;-8,36;22,57;-12,63;-9,52;-11,92;72,4;-4,29;-6,34;-7,98;-11,88;-3,06;2,88;13,73;-5,83;0,55
"2020/08/02";-13,76;-18,21;-18,69;4,94;-12,54;-9,9;-16,5;62,38;-7,05;-4,9;-7,52;-10,09;-17,76;-10,96;11,68;-17,58;-9,41
"2020/08/03";-1,87;-0,52;-13,67;16,16;-13,06;-8,22;-14,55;75,49;-5,41;-2,15;-10,36;-13,81;-8,45;0,73;11,41;-7,31;-2,15
"2020/08/04";0,03;-1,51;-12,87;17,69;-13,38;-7,44;-14,04;74,85;-4,99;-1,57;-8,7;-13,74;-8,08;0,13;11,63;-7,17;-1,7
"2020/08/05";6,11;8,33;-10,33;26,76;-11;-6,31;-9,56;77,56;-1,21;-1,83;-2,44;-8,27;-1,51;5,46;15,84;-0,04;3,02
"2020/08/06";5,03;9,02;-8,46;28,05;-9,33;-0,73;-6,93;75,52;0,47;0,51;-0,94;-3,86;0,11;5,14;20,61;0,49;4,52
"2020/08/07";2,42;7,77;-9,62;26,75;-12,14;-2,83;-9,49;74,57;-1,98;-1,42;-5,12;-8,25;-2,46;2,3;17,92;-2,28;2,34
"2020/08/08";1,53;8,22;-8,96;33,26;-13,01;-7,8;-7,07;69,85;-1,46;-2,97;-2,77;-5,02;-3,32;1,34;20,94;-2,55;2,48
"2020/08/09";-3,73;0,66;-9,95;24,54;-11,32;-7,63;-10,83;76,47;-3,28;-4,3;-5,96;-7,14;-5,81;3,21;21,61;-3,16;-0,73
"2020/08/10";-0,74;5,76;-6,54;29,74;-13,58;-4,16;-9,26;70,38;-3,94;3,08;-3,9;-5,84;-6,04;0,37;22,32;-5,39;2,32
"2020/08/11";-1,27;4,92;-4,46;31,59;-13,1;-3,83;-9,37;73,26;-3,28;1,99;-5,06;-7,64;-4,36;1,05;22,9;-3,15;2,25
"2020/08/12";-2,31;5,18;-3,91;32,73;-13,04;-4,12;-9,47;72,32;-3,35;5,79;-3,86;-8,96;-2,72;2;22,09;-2,7;3,13
"2020/08/13";-5,29;-0,73;-2,72;32,48;-10,99;-1,03;-6,41;72,32;-1,58;9,7;-0,95;-1,62;-2,01;1,34;24,92;-3,47;3,46
"2020/08/14";-5,8;-0,16;-1,92;32,32;-13,09;-2,2;-6,88;73,54;-4,58;10,94;-2,43;-1,32;-5,87;-0,33;24,31;-5,68;3,06
"2020/08/15";-1,85;3,37;-3,4;27,02;-12,18;-5,9;-2,42;69,04;-2,9;-0,5;1,67;16,04;-7,27;1,51;20,01;-7,36;2,08
"2020/08/16";-4,13;0,19;-4,69;31,95;-8,38;-7,12;-2,84;73,95;-0,23;0,16;0,82;-0,61;-1,86;8,44;20,52;-1,57;2,08
"2020/08/17";-5,06;-0,48;-4,57;29,55;-15,21;-5,69;0,52;69,4;-3,56;10,14;7,42;9,5;-4,87;2,5;20,59;-4,14;3,88
"2020/08/18";-3,16;0,84;-7,48;27,23;-9,48;-4,92;0,92;68,74;-0,4;10,5;5,96;4,5;-4,81;2,76;20,97;-1,79;4,54
"2020/08/19";-2,13;3,21;-4;30,55;-8,45;-3,2;1,54;70,25;0,32;8,2;7,42;4,66;-2,37;5,36;21,65;-0,39;5,38
"2020/08/20";-3,23;3,04;-2,15;31,26;-6,74;-1,55;4,27;70,08;1,39;10,59;9,33;8,65;-0,39;6,18;23,66;0,43;6,51
"2020/08/21";-4,91;2,47;-4,46;30,74;-7,82;-4,28;2,04;63,38;-0,95;9,8;5,79;4,83;-2,5;2,98;19,44;-1,53;4,74
"2020/08/22";-7,19;-7,29;-9,99;17,98;-8,92;-7,63;-1,5;58,31;0,06;1,83;2,11;1,29;-9,58;3,34;13,01;-4,11;-0,63
"2020/08/23";-7,15;-9,26;-4,04;25,41;-11,57;-11,12;-5,1;55,16;-3,29;-3,9;-0,85;-0,73;-4,58;7,05;6,81;-0,89;-2,67
"2020/08/24";-3,48;0,53;-6,69;27,34;-6,75;-7,88;-0,04;60,14;0,83;8,91;5,42;5,2;0,03;6,77;16,03;2,13;4,26
"2020/08/25";-6,44;0,04;-11,68;25,8;-11,25;-11,12;-7,16;61,77;-1,88;-1,87;-0,48;0,78;-2,07;3,98;12,74;0,9;-0,28
"2020/08/26";-5,63;-1,73;-25,09;13,83;-23,26;-21,86;-8,39;37,53;-14,58;-6,57;-0,33;0,07;-11,86;-9,86;0,07;-9,23;-6,13
"2020/08/27";-2,67;2,33;-15,42;20,49;-9,65;-12,86;2,64;50,39;2,59;7,62;8,8;9,26;-3,94;3,8;10,89;-1,61;3,51
"2020/08/28";-7,67;-2,72;-4,07;31,95;1,16;-3,6;1,12;61,4;12,58;9,09;5,27;7,13;5,06;14,85;18,52;5,55;5,59
"2020/08/29";-4,16;-7,04;-1,23;27,34;-1,92;-3,19;1,83;58,29;9,62;3,41;7,15;4,05;11,69;15,18;15,27;12,39;4,24
"2020/08/30";-25,28;-26,27;-11,26;18,19;-1,8;-4,37;-8,31;64,1;7,35;0;-0,92;-5,5;-13,71;4,84;16,71;-6,02;-7,16
"2020/08/31";-0,04;3,67;-3,43;32,06;3,25;-2,8;2,68;64;14,02;12,3;8,93;7,33;12,09;16,15;19,91;12,89;9,47
"2020/09/01";-9,05;-7,13;-2,79;30,95;1,49;-1,65;2,51;65,24;11,75;2,76;7,68;5,73;8,49;12,29;21,07;8,8;3,63
"2020/09/02";-7,88;-4,04;-11,07;24,85;-3,1;-6,57;0,54;56,67;8,71;1,41;6,96;4,12;5,42;7,26;17,25;6,83;2,21
"2020/09/03";-6,82;-0,62;-4,35;29,95;-5,5;-7,75;-0,08;57,63;5,71;-0,67;7,3;5,08;9,34;9,01;13,71;6,44;2,8
"2020/09/04";-5,44;0,98;-5,77;30,01;-2,34;-5,2;2,18;59,9;7,6;2,5;8,26;5,36;8,92;8,64;16,25;8,66;4,47
"2020/09/05";0,33;7,29;-11,3;24,36;-7,12;-10,24;1,8;57,32;1,4;-1,68;7,25;3,12;0,95;2,01;10,67;3,89;3,26
"2020/09/06";0;-2,19;-4,88;35,62;-9,74;-11,49;3,75;70,5;4,96;1,69;9,46;5,48;8,16;12,59;11,89;10,6;4,43
"2020/09/07";-0,76;5,78;-5,93;29,92;-4,02;-6,23;4,92;59,34;7,27;2,75;10,14;4,3;8,98;10,33;15,37;9,44;6,17
"2020/09/08";0,02;9,46;-8,19;27,63;-6,61;-8,63;3,37;57,71;4,6;2,21;9,2;5,31;6,92;9,36;13,23;10,12;5,94
"2020/09/09";-0,17;9,32;-8,92;26,38;-7,5;-10,42;2,7;52,34;3,88;3,19;9,6;4,26;6,24;8,15;11,5;8,08;5,6
"2020/09/10";-0,78;9;-10,29;25,2;-8,35;-10,3;1,57;51,79;3,75;1,15;7,1;0,29;4,04;6,43;11,14;5;4,44
"2020/09/11";-0,72;8,09;-10,86;25,56;-11,77;-12,42;3,25;52,38;1,37;3,09;8,74;3,78;2,62;4,59;8,21;3,18;4,42
"2020/09/12";7,16;9,63;-11,28;30,77;-14,42;-15,36;4,97;58,59;-1,09;1,68;10,65;3,66;1,41;2,97;5,2;4,72;5,42
"2020/09/13";12,71;13,71;-10,97;33,32;-13,18;-11,82;8,05;67,16;4,04;7,2;15,13;8,71;5,99;8,55;9,18;9,58;9,93
"2020/09/14";9,37;12,9;-11,19;25,23;-10,8;-12,02;6,45;53,52;2,11;3,17;10,99;3,67;4,31;5,91;8,88;4,54;7,09
"2020/09/15";9,01;8,87;-12,89;24,62;-11,96;-13,2;5,1;53,53;0,48;3,54;10,35;4,41;2,48;3,78;9,56;2,58;5,91
"2020/09/16";5,91;7,2;-15,86;20,71;-15,01;-15,62;3,8;46,67;-1,97;4,01;9,38;3,57;-0,84;0,89;6,2;0,04;4,09
"2020/09/17";6,05;6,69;-15,88;20,99;-15,19;-14,93;4,58;46,25;-2,11;5,05;10,85;7,11;-1,29;0,75;5,57;-0,29;4,36
"2020/09/18";5,96;6,57;-12,44;24,51;-12,94;-12,55;5,52;50,88;-1,08;4,58;11,24;6,8;0,89;2,17;8,04;2,24;5,15
"2020/09/19";8,25;9,16;-9,63;31,4;-8,87;-10,54;6,56;62,41;1,6;2,19;12,75;6,48;3,57;5,29;10,57;7,22;6,81
"2020/09/20";12,76;11,5;-6,88;36,22;-6,53;-5,91;8,49;74,6;9,07;5,88;15,24;9,11;10,63;13,79;17,63;6,28;10,89
"2020/09/21";9,74;12,12;-8,42;28,94;-7,07;-8,68;7,56;58,86;4,91;3,74;12,91;5,88;7,87;9,8;12,24;8,45;8,52
"2020/09/22";8,25;7,77;-6,52;30,97;-5,13;-6,33;5,57;59,51;6,71;4,48;11,12;6,84;8,44;10,72;15,8;9,07;8,13
"2020/09/23";5,25;3,9;-7,64;29,17;-5,35;-7,45;4,47;56,76;5,69;4,5;9,5;4,22;5,98;8,57;14,48;6,24;6,33
"2020/09/24";7,3;9,46;-12,28;24,4;-9,13;-10,96;4,68;47,32;1,64;5,5;10,22;4,73;3,87;7,2;8,24;2,26;6,39
"2020/09/25";2,61;0,17;-16,81;17,23;-14,45;-14,45;2,6;35,48;-3,26;2,72;7,4;3,03;-2,74;-0,57;3,75;-2,69;1,28
"2020/09/26";-4,26;-6,97;-15;11,87;-6,62;-8,94;-2,55;41,86;-0,45;-4,87;0,47;-2,21;-7,57;-3,84;9,48;-4,44;-2,98
"2020/09/27";-4,33;-2,17;-14,57;10,72;-13,01;-12,18;-7,42;26,01;-2,51;-5,01;-3,34;-8,49;-1,16;2,33;1,22;-1,41;-3,24
"2020/09/28";8,42;7,06;-5,96;28,86;-7,43;-10,35;6,61;47,03;3,22;1,62;10,53;4,05;7,21;10,8;8,51;9,01;6,4
"2020/09/29";1,09;-0,36;-5,17;31,85;-8,34;-8,31;1,63;49,98;4,85;-0,11;5,95;5,25;6,89;13,53;12,77;9,17;3,81
"2020/09/30";6,47;4,89;-5,05;29,77;-1,94;-5,19;4,91;47,42;7,63;6,64;10,29;7,42;8,45;10,54;13,85;8,43;7,63
"2020/10/01";5,1;8,82;-9,56;28,76;-5,42;-7,65;2,6;44,31;7,28;4,5;6,72;6,37;14,13;9,4;13,8;11,6;7,21
"2020/10/02";10,55;9,19;-4,29;36,74;-0,93;-4,66;9,68;52,06;14,62;9,34;14,58;12,85;17,3;14,64;17,99;16,66;12
"2020/10/03";7,43;8,35;14,49;61,86;6,43;-0,79;11,2;66,08;16,66;4,77;15,33;2,24;36,93;35,32;12,16;31,47;14,34
"2020/10/04";4,19;5,09;1,04;38,91;-3,48;-6,54;-1,11;69,66;9,33;2,55;6,12;3,97;21,05;18,68;17,91;14,77;7,8
"2020/10/05";5,84;6,77;-5,58;30,59;-0,83;-13,82;-7,87;37,21;10,16;5,9;7,88;5,73;13,41;11,69;4,73;11,67;6,53
"2020/10/06";5,37;5,75;-7,09;27,33;-4,69;-16,81;-8,18;34,95;6,43;4,66;9,49;5,46;11,76;8,75;0,63;8,26;5,07
"2020/10/07";-0,93;0,53;-19,38;17,96;-20,99;-26,22;-14,36;27,51;-5,27;-8,79;3,08;1,36;1,65;-1,27;-7,32;0,96;-3,9
"2020/10/08";-1,26;2,3;-17,98;22,01;-16,15;-25,96;-18,88;20,89;-1,99;-11,33;-2,12;-1,33;7,35;0,5;-8,26;5,51;-4,03
"2020/10/09";4;3,57;-12,66;30,62;-3,83;-13,01;-13,96;34,86;12,08;-1,87;3,87;3,83;12,6;12,35;5,99;11,92;3,34
"2020/10/10";1,65;-1,97;-7,47;25,71;-8,36;-8,7;-6,16;44,51;6,36;-4,99;3,13;1,01;12,66;12,64;9,01;11,98;1,67
"2020/10/11";-7,95;-10,07;-15,17;18,88;-15,39;-13,06;-8,15;51,83;0,57;-10,38;1,58;-2,83;8,65;11,67;8,67;9,61;-3,99
"2020/10/12";0,13;2,23;-13,85;15,22;-10,74;-14,26;-10,97;50,48;-1,08;-9,83;-5,09;-6,32;12,45;10,27;8,32;12,26;-0,97
"2020/10/13";5,58;6,63;-13,49;15,13;-10,73;-12,47;-7,78;55,03;-0,25;-9,26;-1,63;-6,28;13,68;11,75;9,16;13,37;1,43
"2020/10/14";2,76;3,4;-20,18;4,99;-14,06;-14,34;-10,25;39,12;-4,16;-12,02;-3,94;-8,16;5,54;4,9;5,7;6,79;-2,58
"2020/10/15";0,45;3,64;-15,91;15,01;-9,73;-16,37;-12,68;48,22;0,34;-12,89;-8,64;-9,73;13,49;10,73;11,71;13,75;-1,55
"2020/10/16";2,81;1,13;-11,94;17,88;-9,45;-7,96;-7,49;53,41;3,92;-9,8;-4,39;-6,02;15,33;15,95;14,97;16,89;1,02
"2020/10/17";-0,26;-3,28;-10,9;19,55;-13;-7,44;-6,86;50,7;1,86;-9,85;-4,09;-6,44;4,57;4,34;17,2;3,61;-1,51
"2020/10/18";-5,42;-7,21;-22,07;5,98;-18,18;-11,23;-6,61;49,44;-4,07;-8,89;0,84;-6,02;-0,73;2,06;13,06;3,29;-4,56
"2020/10/19";2,62;4,15;-15,04;15,53;-11,86;-5,93;-1,11;48,67;-1,81;-10,63;-4,4;-6,44;0,96;-1,55;16,26;0,67;-0,61
"2020/10/20";2,92;4,09;-15,54;14,21;-14,55;-8,75;-0,89;47,33;-4,74;-14,36;-4,33;-7,62;1,58;-2,33;13,07;0,01;-1,93
"2020/10/21";1,69;4,35;-15,67;12,42;-15,92;-9,04;-0,27;41,95;-5,47;-12,08;-2,68;-8;0,49;-2,63;10,26;0,84;-1,8
"2020/10/22";0,84;3,58;-11,97;24,01;-8,91;-4,03;-3,6;50,7;2,06;-12,43;-6,76;-10,27;7,19;2,42;18,38;6,67;-0,23
"2020/10/23";-0,12;-0,04;-12,81;21,33;-10,02;-2,45;-1,77;50,71;1,96;-12,06;-6,51;-9,04;1,6;0,47;20,32;1,81;-1,14
"2020/10/24";-0,57;-6,71;-8,46;23,32;-14,85;-9,44;-7,75;40,81;0,9;-10,23;-4,54;-9,55;5,65;6,68;8,88;4,89;-2,6
"2020/10/25";3,53;-0,99;-6,6;29,35;-20,53;-12,29;-5,34;39,41;-6,2;-16,81;-2,28;-10,79;11,39;11,28;-2,59;9,14;-2,5
"2020/10/26";-11,03;-2,92;-8,6;22,86;-3,67;-7,69;-5,31;32,99;6,89;-1,84;0,75;1,95;-0,75;6,57;11,12;-2,53;-0,85
"2020/10/27";-4,92;1,25;-7,07;24,17;-5,72;-8,1;-2,94;37,32;5,92;-2,88;2,86;1,48;1,23;8,42;9,8;-0,25;1
"2020/10/28";-7,44;-0,47;-6,54;22,95;-7,15;-8,92;-4,56;34,34;4,88;-4,41;0,78;-0,59;0,11;7,82;9,07;-0,78;-0,5
"2020/10/29";-9,52;-2,61;-10,3;25,5;-5,77;-9,22;-10,75;32,16;6,66;-9,36;-6,47;-4,01;2,58;8,6;10,5;1,7;-2,85
"2020/10/30";-5,17;-0,62;-5,82;28,79;1,19;-2,85;-5,92;34,66;13,67;-5,91;-1,02;0,91;3,78;15,95;16,66;6,3;1,28
"2020/10/31";2,64;-1,38;-7,75;26,27;-12,22;-10,17;-9,33;41,68;4,22;-9,03;-4,8;-3,83;7,33;14,93;4,58;13,38;-1,02
"2020/11/01";-12,38;-15,01;-6,75;24,16;-7,23;-6,08;-19,75;28,41;1,97;-19,57;-20,02;-17,78;3,96;9,18;7,32;6,48;-9,74
"2020/11/02";-5,48;-11,75;-11,48;18,65;-7,22;-12,25;-7,71;12,69;1,78;-11,12;-4,26;-3,78;4,66;7,97;1,58;8,88;-5,03
"2020/11/03";-8,75;-15,31;-16,36;16,28;-11,94;-16,28;-6,11;10,92;-2,56;-6,83;-2,89;-3,82;-1,12;2,84;-1,52;3,69;-6,46
"2020/11/04";-7,88;-13,34;-15,79;16,03;-12,42;-16,72;-5,38;13,98;-2,9;-7,63;-2,13;-1,48;-0,5;3,34;-2,01;3,32;-6,01
"2020/11/05";-4,98;-11,59;-19,81;12,05;-15,83;-20,15;-6,7;10,36;-6,46;-7,24;-3,1;-2,93;-2,32;-0,84;-5,91;-0,76;-6,6
"2020/11/06";-8,17;-14,54;-28,74;6,63;-25,24;-26,32;-9,62;3,31;-13,52;-12,87;-7,03;-7,44;-9,44;-6,75;-12,27;-5,38;-11,59
"2020/11/07";-11,91;-12,97;-17,97;12,92;-18,1;-17,97;-14,19;7,27;-6,54;-17,57;-13,83;-13,05;-3,9;-1,95;-4,2;-2,2;-11,4
"2020/11/08";-10,09;-13,31;-16,93;14,69;-18,93;-19,24;-15,01;5,95;-4,84;-17,63;-15,14;-13,08;3;4,62;-6,33;6,67;-10,69
"2020/11/09";-5,69;-6,64;-25,87;4,28;-22,71;-24,95;-9,94;3,72;-13,1;-12,66;-5,96;-5,53;-8,93;-7,2;-11,35;-6,03;-9,63
"2020/11/10";-6,67;-7,55;-26,43;4,39;-23,43;-25,81;-11,85;2,92;-13,68;-12,48;-8,07;-7,23;-10,59;-7,84;-11,93;-6,76;-10,41
"2020/11/11";-7,64;-6,19;-25,23;6,44;-22,45;-24,89;-12,7;2,71;-12,74;-14,64;-9,52;-7,27;-9,07;-6,35;-10,92;-6,19;-10,53
"2020/11/12";-6,18;-4,93;-21,76;10,29;-17,9;-22,07;-12,6;8,94;-8,87;-13,84;-8,22;-7,12;-5,26;-1,85;-7,3;-3,24;-8,5
"2020/11/13";-7,53;-6,42;-23,2;13,51;-19,05;-21,24;-15,56;10,79;-8,91;-19,08;-12,99;-12,17;-5,39;0,76;-7,16;-0,75;-10,42
"2020/11/14";-9,2;-8,99;-21,4;8,51;-22,91;-22,81;-19,27;1,49;-10,94;-23,37;-17,57;-14,97;-6,79;-3,1;-9,07;-3,08;-13,46
"2020/11/15";-5,3;-9,91;-16,6;19,03;-18,79;-18,2;-17,08;15,48;-7,33;-27,25;-16,13;-15,33;-0,5;6,03;-4,32;5,46;-11,81
"2020/11/16";-7,95;-6,87;-13,51;15,96;-10,05;-14,9;-14,44;16,03;-1,99;-15,72;-10,11;-9,64;1,45;6,53;-0,55;4,62;-7,27
"2020/11/17";-7,12;-5,38;-17,94;13,13;-14,55;-17,99;-16,1;11,68;-4,91;-18,56;-11,77;-10,81;0,83;1,31;-2,81;3,73;-8,73
"2020/11/18";-6,64;-8,96;-13,98;16,37;-10,69;-14,76;-15,14;13,62;-0,81;-16,69;-10,98;-7,74;9,93;6,26;-0,07;5,28;-7,64
"2020/11/19";-8,94;-8,01;-15,32;14,9;-11,36;-15,8;-17,13;14,22;-1,96;-18,57;-13,47;-10,79;-1,42;3,91;-0,78;2,55;-8,99
"2020/11/20";-10,73;-10,88;-19,18;14,11;-16,07;-17,5;-10;12,45;-5,25;-11,37;-8,03;-6,23;-6,64;1,91;-3,11;-0,29;-8,46
"2020/11/21";-16,3;-17,02;-23,76;2,74;-26,36;-26,66;-15,88;-4,21;-14,39;-19,9;-15,57;-13,03;-13,44;-9,97;-14,36;-9,99;-16,28
"2020/11/22";-17,45;-19,97;-26,31;1,78;-24,22;-25,5;-30,4;-0,52;-16;-36,65;-27,73;-25,57;-13,36;-5,43;-12,13;-9,2;-22,58
"2020/11/23";-8,33;-7,69;-12,86;15,09;-9,38;-13,17;-7,58;15,16;0,11;-7,97;-4,47;-3,95;0,39;3,48;1,28;2,94;-4,86
"2020/11/24";-7,91;-7,31;-14,91;13,85;-12,44;-14,7;-8,26;13,09;-1,9;-8,35;-5,2;-4,88;-1,47;0,78;-0,2;1;-5,58
"2020/11/25";-8,09;-6,53;-16,16;13,65;-11,36;-14,88;-10,77;11,14;-1,27;-11,45;-7,33;-3,95;-1,42;1,17;0,1;0,56;-6,44
"2020/11/26";-6;-6,41;-15,08;14,11;-7,58;-14,09;-5,95;13,36;-0,34;-4,99;-3,28;-1,1;-0,74;1,33;2,04;1,08;-3,8
"2020/11/27";-5,69;-5,83;-14,63;17,55;-7,98;-12,25;-4,08;15,85;0,27;-5,85;-3,73;-2,5;-0,57;4,4;1,57;0,73;-3,46
"2020/11/28";-13,45;-15,18;-19,38;6,69;-18,97;-24,59;-14,67;2,67;-9,05;-16,71;-14,6;-10,16;-12,73;-9,04;-7,4;-11,35;-13,44
"2020/11/29";-22,03;-22,92;-24,14;-0,08;-25,75;-27,32;-27,8;-3,47;-15,35;-30,59;-28,37;-23,74;-15,13;-9,82;-15,94;-12,38;-22,55
"2020/11/30";-7,46;-6,64;-14,4;14,57;-10,41;-14,72;-14,36;14,53;-2;-17,61;-11,05;-9,54;-0,55;2,4;0,02;0,99;-8
"2020/12/01";2,63;3,52;-11,41;24,97;-5,96;-9,84;-5,82;12,54;3,34;-9,19;-4,75;-4,69;2,72;7,68;2,57;5,73;-0,62
"2020/12/02";-7,7;-7,27;-30,14;0,78;-28,58;-29,25;-16,96;-1,68;-18,58;-18,9;-13,45;-12,28;-19,34;-14,06;-16,46;-17,21;-14,53
"2020/12/03";-6,79;-5,96;-26,97;2,99;-24,57;-26,4;-17,43;0,68;-15,15;-19,09;-15;-14,59;-16,64;-10,91;-14,1;-14,36;-13,32
"2020/12/04";;;;;;;;;;;;;;;;;
"2020/12/05";;;;;;;;;;;;;;;;;
"2020/12/06";;;;;;;;;;;;;;;;;
"2020/12/07";;;;;;;;;;;;;;;;;
"2020/12/08";8,15;9,04;-21,08;15,69;-16,84;-19,69;4,2;0,35;-6,83;-1,07;4,25;5,34;-5,15;-1,62;-8,71;-2,66;0,73
"2020/12/09";-10,64;-13,76;-26,3;3,06;-22,86;-25,95;-8,77;-1,83;-13,98;-9,71;-6,16;-5,03;-14,58;-10,06;-13,6;-14,33;-11,71
"2020/12/10";-6,91;-9,65;-20,98;8,86;-17,34;-21,61;-11,29;5;-8,56;-12,43;-10,07;-8,51;-9,07;-3,13;-8,76;-8,04;-9,54
"2020/12/11";0,24;-4,22;-11,51;19,24;-5,96;-11,2;-0,08;13,47;1,86;0,31;-0,66;-0,9;0,56;6,14;0,92;2,14;-0,09
"2020/12/12";-19,86;-14,79;-33,75;-9,8;-33,61;-35,09;-21,14;-17,75;-25,9;-24,06;-21,49;-19,35;-31,65;-24,31;-25,93;-25,01;-22,34
"2020/12/13";-29,11;-31,99;-44,42;-20,86;-42,62;-42,12;-29,62;-26,72;-35,94;-32,59;-27,08;-23,92;-39,63;-31,94;-35,3;-33,73;-32,55
"2020/12/14";2,1;2,5;-21,92;6,07;-19,98;-22,77;-6,67;-5,51;-13,61;-15,56;-5,25;-1,48;-27,71;-7,27;-19,77;-8,37;-8,61
"2020/12/15";9,78;10;-1,67;31,22;6,48;-1,27;7,67;16,74;9,19;-4,2;8,08;11,06;-8,24;19,49;2,14;16,69;5,85
"2020/12/16";-21,75;-22,88;-30,42;-3,57;-23,93;-27,75;-21,71;-6,15;-18,71;-21,73;-20,18;-21,69;-21,61;-14,92;-19,45;-17,51;-20,85
"2020/12/17";-21,98;-20,92;-28,84;-2,37;-24,73;-28,81;-20,6;-6,54;-19,25;-21,71;-19,27;-22,78;-20,29;-14,62;-22,1;-17,97;-20,42
"2020/12/18";-18,31;-18,44;-25,85;2,74;-20,43;-22,74;-17,38;-2,16;-15,12;-17,38;-16,33;-17,91;-17,51;-10,86;-16,66;-14,29;-16,71
"2020/12/19";-25,65;-27,62;-29,31;-7,35;-29,58;-29,42;-21,58;-14,04;-20,17;-25,34;-22,29;-21,25;-28,01;-18,87;-20,99;-21,2;-24,07
"2020/12/20";-29,25;-32,09;-33,68;-10,97;-28,36;-30,86;-31,41;-18,17;-23,15;-27;-28,67;-22,58;-28,9;-22,32;-24,09;-27,11;-27,83
"2020/12/21";-17,99;-18,22;-26,88;1,8;-22,73;-24,4;-19,14;-6,36;-14,77;-21,66;-17,19;-17,45;-15,21;-8,45;-15,51;-12,71;-17,64
"2020/12/22";-12,61;-13,66;-26,16;8,36;-15,22;-22,99;-12,5;-4,91;-8,2;-14,88;-11,39;-13,24;-9,13;-1,76;-10,32;-5,43;-12,12
"2020/12/23";-26,71;-27,88;-38,25;-11,12;-34,63;-38,24;-28,66;-11,67;-25,81;-28,88;-25,63;-26,21;-29,93;-21,9;-22,07;-26,79;-27,28
"2020/12/24";-43,73;-45,28;-49,11;-33,07;-47,49;-51,33;-42,41;-34,05;-41,68;-43,31;-40,74;-40,89;-43,7;-39,43;-37,83;-43,63;-43,01
"2020/12/25";-14,86;-19,69;-19,23;-3,02;-12,85;-10,62;-9,99;-5,2;-12,19;-16,01;-12,77;-7,9;-15,08;-12,64;-8,84;-15,5;-14,32
"2020/12/26";-13,27;-21,6;-24,23;-5,22;-22,69;-24,03;-18,19;-12,77;-20,24;-20,3;-18,04;-16,32;-15,18;-14,84;-24,25;-17,23;-18,54
"2020/12/27";-27,65;-27,86;-40,4;-14,79;-39,13;-41;-31,3;-19,23;-33,33;-40,25;-31,46;-28,8;-30,3;-24,06;-35,73;-24,14;-32,08
"2020/12/28";-34,81;-34,34;-37,43;-16,4;-35,16;-36,2;-30,62;-20,3;-28,01;-31,08;-30,17;-31,07;-33,46;-24,59;-28,48;-29,48;-31,29
"2020/12/29";-25,63;-24,95;-32,2;-6,04;-28,84;-30,59;-22,37;-15,28;-20,44;-26,44;-21,27;-23,17;-24,17;-14,69;-21,39;-20,5;-23,71
"2020/12/30";-32,71;-31,42;-36,24;-12,52;-36,36;-37,6;-29,68;-12,89;-27,32;-32,12;-26,58;-28,21;-30,88;-23,29;-26,18;-28,64;-29,91
"2020/12/31";-47;-42,52;-47,06;-34,97;-51,56;-49,45;-46,62;-33,98;-44,82;-47;-44,95;-46,89;-45,8;-42,98;-40,48;-46,3;-44,99
"2021/01/01";-9,77;-19,57;-29,5;-10,83;-13,73;-22,95;-14,62;-27,92;-14,04;-6,43;-10,49;-8,08;-11,43;0,54;-21,47;-8,59;-13,54
"2021/01/02";-26,26;-27,5;-34,28;-19,36;-36,25;-38,27;-27,65;-20,45;-28,8;-27,43;-23,24;-23,73;-24,82;-14,34;-27,84;-17,93;-26,74
"2021/01/03";-15,06;-22,51;-33,33;-16,66;-25,99;-27,39;-24,02;-12,27;-24,82;-22,4;-18,35;-17,46;-19,18;-10,54;-17,31;-9,69;-20,95
"2021/01/04";-26,42;-27,35;-31,12;-12,74;-29,49;-31,08;-26,07;-14,36;-25,63;-24,71;-21,87;-19,28;-21,3;-18,49;-21,45;-17,57;-24,57
"2021/01/05";-25,52;-25,67;-32,33;-13,17;-31,53;-32,01;-25,65;-14,24;-26,78;-24,33;-21,27;-19,3;-21,84;-18,36;-23,61;-19,24;-24,39
"2021/01/06";-7,99;-13,39;-28,54;-10,04;-28,47;-30,04;-22,7;-13,69;-23,37;-19,81;-17,67;-14,67;-16,76;4,66;-22,54;-13,92;-18,25
"2021/01/07";-19,02;-20,66;-28,8;-9,29;-25,45;-27,74;-22,58;-12,94;-20,54;-21,02;-17,03;-15,34;-15,04;-9,33;-20,46;-13,34;-19,64
"2021/01/08";-20,85;-21,98;-28,81;-8,5;-25,61;-28,78;-21,77;-10,91;-21,44;-21,23;-19,08;-18,29;-16,34;-11,17;-20,84;-14,32;-20,4
"2021/01/09";-15,39;-16,91;-29,48;-16,4;-28,38;-31,41;-20,24;-17,04;-22,54;-22,77;-15,98;-15,34;-20,87;-13,16;-22,47;-16,31;-19,93
"2021/01/10";-4,27;-10,15;-23,79;-8,7;-19,24;-22,69;-9,61;-7,7;-17,59;-15,27;-4,48;-2,13;-5,55;-0,14;-17,2;2,81;-11,17
"2021/01/11";-13,6;-16,48;-26,88;-6,78;-22,65;-27,19;-18,14;-9,44;-19,75;-20,82;-16,24;-13,13;-14,02;-5,67;-18,49;-11,15;-17,21
"2021/01/12";-20,83;-21,31;-27,61;-6,91;-19,63;-24,15;-23,26;-5,22;-18,04;-23,11;-22,35;-24,75;-17,53;-7,23;-14,46;-14,66;-20,11
"2021/01/13";-11,36;-14,67;-24,16;-3,18;-19,45;-25,18;-17,49;-8,35;-16,66;-18,49;-14,63;-13,44;-11,38;-2,24;-16,81;-8,74;-15,03
"2021/01/14";-13,8;-15,61;-23,9;-3,55;-16,02;-23,27;-15,83;-7,22;-13,5;-16,69;-13,9;-15,92;-10,86;-2,58;-14,07;-7,9;-14,44
"2021/01/15";-11,58;-13,18;-26,17;-4,14;-18,61;-25,24;-15,61;-6,77;-16,65;-18,58;-13,8;-14,14;-13,36;-4,45;-15,71;-9,84;-14,87
"2021/01/16";-15,69;-18,97;-28,35;-15,05;-27,8;-26,95;-21,36;-14,34;-21,86;-21,18;-17,81;-20,05;-18,76;-12,87;-16,52;-15,15;-19,54
"2021/01/17";-16,19;-21,37;-27,52;-8,98;-23,88;-22,65;-17,2;-0,89;-20,83;-21,24;-15,11;-17,62;-5,08;-2,34;-13,46;-5,41;-17,7
"2021/01/18";-14,01;-16,54;-27,18;-6,72;-19,52;-26,65;-17,83;-8,76;-17,76;-19,74;-16,6;-15,19;-13,61;-5,33;-17,39;-10,16;-16,73
"2021/01/19";-15,2;-16,62;-27,66;-6,19;-20,23;-27,34;-20,5;-9,15;-18,96;-22,94;-18,3;-17,84;-13,74;-6,21;-17,99;-13,48;-18,18
"2021/01/20";-8,73;-10,51;-21,13;0,77;-13,51;-21,65;-12,76;-4,2;-11,91;-12,75;-10,3;-8,9;-4,78;1,56;-13,93;-5,23;-10,62
"2021/01/21";-9,21;-11,11;-19,92;1,39;-12,71;-21,01;-14,49;-3,09;-10,8;-15,09;-13,04;-11,99;-4,89;1,08;-11,84;-7,4;-11,35
"2021/01/22";-10,61;-10,67;-24,03;-0,96;-16,11;-23,03;-14,82;-5,13;-13,5;-15,58;-14,96;-13,66;-7,8;-1,69;-13,99;-10,65;-12,7
"2021/01/23";-13,91;-19,26;-30,41;-17,45;-25,42;-26,3;-19,38;-10,84;-19,24;-17,72;-16,82;-18,39;-25,05;-10,78;-16,94;-16,35;-18,45
"2021/01/24";-12,15;-19,22;-30,05;-14,01;-18,26;-28,01;-20,68;-8,62;-19,22;-18,46;-16,59;-11,4;-16,7;-10,52;-18,07;-12,67;-17,83
"2021/01/25";-15,01;-15,9;-24,73;-4,28;-17,28;-25,62;-17,91;-6,13;-15,96;-19,23;-17,04;-16,36;-10,67;-3,19;-14,23;-10,16;-15,93
"2021/01/26";-14,74;-18,42;-23,08;-2,42;-18,29;-25,02;-17,94;-4,7;-16,87;-20,63;-16,08;-14,73;-12,7;-5,07;-13,35;-13,31;-16,67
"2021/01/27";-12,13;-11,7;-19,7;1,53;-17,56;-23,67;-15,64;-3,51;-14,43;-15,92;-15,03;-14,36;-5;1,48;-13,92;-6,51;-12,72
"2021/01/28";-11,59;-15,27;-22,08;0,76;-13,1;-22,75;-15,92;-2,1;-11,32;-18,23;-13,69;-13,28;-8,53;-0,81;-10,86;-10,51;-13,62
"2021/01/29";-10,27;-12,03;-22,3;1,48;-17,23;-25,45;-11,76;-2,59;-16,86;-14,15;-12,2;-13;-10,58;-2,68;-12,7;-11,82;-12,53
"2021/01/30";-15,84;-17,14;-21,16;-6,52;-24,46;-23,71;-20,44;-5,51;-19,09;-17,95;-19,42;-20,3;-17,3;-8,55;-13,41;-14,76;-17,17
"2021/01/31";-11,9;-13,17;-15,2;10,98;-13,46;-19,65;-9,27;4,08;-8,01;-4,87;-10,98;-15,09;8,1;10,19;-8,29;10,43;-7,3
"2021/02/01";-13,95;-14,89;-25,9;-4,9;-23,67;-27,22;-16,6;-3,24;-19,97;-19,64;-13,79;-12,57;-7,32;-4,36;-16,39;-10,69;-15,88
"2021/02/02";-13,61;-15,08;-26,39;-5,93;-23,88;-26,65;-16,54;-2,82;-19,96;-20,7;-13,51;-13,52;-7,11;-4,59;-15,69;-9,91;-16,08
"2021/02/03";-16,01;-17,33;-27,45;-4,8;-23,3;-29,24;-17,96;-4,2;-18,76;-21,46;-17,5;-16,45;-9,4;-3,88;-20,29;-10,63;-17,5
"2021/02/04";-11,5;-12,67;-29,84;-6,9;-23,1;-29;-11,33;-4,84;-18,48;-16,66;-9,07;-9,3;-8,25;-5,39;-19,32;-9,18;-14,16
"2021/02/05";-13,2;-13,99;-26,71;-3,93;-19,49;-26,41;-17,7;-2,95;-14,97;-18,26;-15,83;-15,51;-9,07;-3,29;-18,27;-9,52;-15,07
"2021/02/06";-16,07;-18,87;-30,02;-15,23;-31,04;-32,52;-24,28;-14,61;-27,49;-25,12;-20,11;-18,77;-24,75;-20,42;-25,9;-28,26;-22,56
"2021/02/07";-22,2;-26,2;-39,95;-32,24;-47,93;-40,56;-33,35;-24,87;-49,41;-42,85;-25,83;-19,78;-26,47;-34,78;-38,07;-32,46;-34,07
"2021/02/08";-13,85;-14,61;-32,22;-13,78;-28,42;-30,54;-26,98;-10,57;-38,38;-37,32;-17,03;-16,28;-21,94;-36,42;-21,27;-43,86;-25,78
"2021/02/09";-14,26;-15,29;-29,17;-8,1;-23,48;-29,37;-22,15;-11,44;-30,43;-30,74;-16,74;-14,89;-14,33;-23,7;-20,89;-24,97;-21,8
"2021/02/10";-18,73;-17,09;-25,91;-3,45;-21,64;-27,21;-21,14;-6,51;-26,18;-28,84;-18,65;-16,37;-12,77;-15,58;-18,55;-18,13;-20,91
"2021/02/11";-11,89;-15,03;-27,8;-3,84;-20,95;-27,19;-19,09;-7,96;-22,62;-24,94;-14,05;-11,84;-10,36;-13,97;-16,98;-16,6;-17,91
"2021/02/12";-12,51;-14,34;-23,84;-0,38;-19,32;-25,09;-17,65;-3,51;-18,83;-24,81;-15,76;-14,26;-10,48;-12,68;-14,82;-14,54;-16,89
"2021/02/13";-13,88;-16,38;-24,76;-4,99;-24,91;-26,55;-16,69;-3,99;-21,82;-22,41;-13,74;-14,45;-17,51;-16,72;-14,94;-20,2;-17,89
"2021/02/14";-7,15;-7,54;-21,38;2,47;-22,38;-22,87;-11,88;7,46;-18,35;-19,5;-8,66;-8,23;2,52;-5,79;-10,81;-8,63;-11,7
"2021/02/15";-14,37;-13,77;-25,53;-0,75;-24,7;-27,36;-23,2;-6,08;-25,25;-28,95;-20,25;-21,63;-4,19;-6,66;-17,37;-11,72;-19,08
"2021/02/16";-10,24;-14,9;-25,61;-3,51;-18,97;-27,82;-14,98;-10,55;-18,36;-19,54;-11,31;-9,94;-4,2;-6,72;-18,8;-10,47;-15,02
"2021/02/17";-9,64;-12,28;-25,54;-1,37;-18,36;-25,38;-14,85;-6,13;-16,31;-18,8;-13,84;-14,09;-6,15;-3,64;-16,43;-8,95;-13,97
"2021/02/18";-8,74;-10,78;-21,93;2,25;-16,48;-23,26;-14,14;-3,11;-14,49;-19,22;-11,19;-11,18;-0,57;-1,47;-13,49;-7,3;-12,45
"2021/02/19";-8,63;-11,02;-20,64;3,94;-13,41;-21,24;-11,47;-1,66;-10,04;-15,99;-10,37;-11,74;-0,77;0,4;-13,1;-1,53;-10,69
"2021/02/20";-2,49;-5,73;-16,85;4,03;-17,02;-20,32;-8,15;-2,55;-10,75;-10,77;-4,21;-5,75;-2,61;-0,85;-13,22;-6,94;-7,5
"2021/02/21";12,11;5,37;-2,01;28,21;-4,01;-8,84;4,68;20,33;1,48;1,78;11,47;10,35;16,67;19,31;-0,32;10,9;6,39
"2021/02/22";-3,34;-4,76;-16,81;8,14;-11,79;-19,61;-8,49;6,84;-9,29;-11,4;-7,68;-6,96;3,98;4,8;-8,46;-0,96;-6,48
"2021/02/23";-1,17;-3,03;-14,56;11,02;-10,52;-19,54;-5,49;8,16;-7,64;-9,72;-3,92;-3,17;7,97;6,79;-8,91;1,59;-4,43
"2021/02/24";-1,19;-2,72;-12,79;14,04;-8,88;-15,76;-5,97;15,12;-6,24;-7,85;-6,76;-5,41;7,04;9,76;-5,89;3,22;-3,47
"2021/02/25";-1,15;-3,24;-13,14;12,11;-11,05;-18,56;-5,72;11,35;-7,75;-10;-3,81;-3,61;9,13;8,34;-7,97;2,71;-4,21
"2021/02/26";-3,05;-4,21;-16,62;8,43;-10,94;-17,01;-10,8;10,74;-6,49;-11,29;-10,41;-9,62;-1,41;2,64;-6,48;-3,65;-6,52
"2021/02/27";;;;;;;;;;;;;;;;;
"2021/02/28";;;;;;;;;;;;;;;;;
"2021/03/01";-2,33;-5,75;-17,84;-1,9;-14,87;-19,68;-7,93;-1,97;-15,71;-7,72;-4,48;-0,23;-8,67;-0,86;-12,06;-7,73;-7,7
"2021/03/02";-4,25;-6,58;-18,28;-1,96;-15,36;-21,08;-9,61;-3,8;-15,95;-10,53;-6,56;-3,97;-6,53;-1,27;-13,54;-6,69;-8,99
"2021/03/03";-8,03;-10,47;-17,89;0,07;-16,28;-20,5;-13,97;-0,32;-15,48;-14,46;-11,6;-10,18;-7,34;0,39;-11,99;-7,13;-11,34
"2021/03/04";-7,81;-10,5;-22,39;-4,45;-19,67;-25,17;-15,21;-4,81;-19,26;-19,26;-13,44;-12,1;-12,55;-4,56;-15,7;-12,51;-14,12
"2021/03/05";-11,48;-16,01;-21,43;-3,04;-19,61;-25,06;-14,21;-2,77;-18,26;-14,86;-12,21;-11,31;-10,89;-3,57;-14,34;-11,79;-14,02
"2021/03/06";-9,52;-14,58;-25,67;-11,11;-29,55;-31,45;-13,6;-16,87;-23,92;-16,28;-11,26;-9,7;-15,86;-12,52;-21,55;-14,36;-15,99
"2021/03/07";-6,53;-14,33;-27,91;-13,53;-25,78;-31,03;-7,7;-16,93;-24,96;-14,14;-4,53;-2,09;-12,58;-11,5;-25,8;-3,41;-14,22
"2021/03/08";-0,78;-6,75;-14,27;6,64;-13,43;-19,01;-8,57;5,87;-13,44;-9,29;-2,69;0,37;-7,58;2,81;-5,52;-7,97;-6,65
"2021/03/09";-4,36;-8,57;-16,48;-1,38;-19,53;-24,9;-11,87;2,99;-19,39;-15,85;-6,81;-5,05;-8,09;-1,34;-9,67;-10,61;-10,92
"2021/03/10";-5,51;-11,61;-16,37;0,38;-16,61;-21,47;-11,61;3,94;-15,73;-13;-7,67;-5,9;-8,32;-0,59;-8,45;-9,61;-10,39
"2021/03/11";-8,51;-11,76;-21,46;-4,5;-20,03;-26,46;-13,81;-5,78;-19,68;-16,48;-11,17;-9,23;-11,04;-3,19;-14,94;-11,73;-13,47
"2021/03/12";-5,13;-10,88;-19,8;-3,21;-21,46;-27,36;-11,94;-4,12;-20,33;-15,88;-8,73;-6,11;-8,64;-3,16;-15,2;-10,86;-12,29
"2021/03/13";-14,79;-17,47;-26,23;-14,18;-30,36;-31,64;-19,89;-16,21;-27,7;-21,49;-16,85;-14,08;-20,02;-15,76;-21,63;-25,25;-20,1
"2021/03/14";-20,19;-29,55;-28,5;-18,22;-26,42;-27,25;-18,78;-12,4;-25,59;-23,5;-21,51;-20,92;-19,9;-12,18;-22,35;-17,48;-23,22
"2021/03/15";-3,44;-8;-17,78;1,31;-16,4;-20,42;-8,17;-0,4;-16,45;-5,91;-0,77;5,1;-5,74;0,41;-10,62;-8,22;-7,37
"2021/03/16";-4,96;-8,1;-17,27;1,21;-15,47;-19,06;-9,88;1,17;-16,16;-9,67;-3,14;-0,02;-6,44;-0,03;-9,06;-8,46;-8,55
"2021/03/17";-6,96;-10,15;-18,19;0,79;-16,44;-17,97;-12,56;3,58;-15,55;-10,85;-6,79;-2,6;-8,09;-1,61;-7,35;-9,84;-9,83
"2021/03/18";-4,82;-9,48;-17,6;-0,35;-17,4;-20,89;-11,91;2,2;-17,28;-12,18;-6,54;-2,79;-7,23;-1,7;-9,65;-8,93;-9,95
"2021/03/19";-7,2;-12,04;-19,93;-1,35;-19,62;-22,49;-12,14;-1,39;-17,83;-10,59;-6,22;-3,27;-9,27;-4,45;-11,5;-12,88;-11
"2021/03/20";-9,18;-17,29;-20,48;-6,23;-26,32;-31,09;-11,99;-11,41;-22,53;-15,06;-9,74;-4,98;-18,81;-10,2;-17,58;-19;-15,31
"2021/03/21";-20,6;-30,18;-23,6;-14,53;-27,16;-23,67;-22,17;-0,68;-26,92;-25,35;-22,72;-16,2;-23,58;-13,54;-15,72;-19,23;-23,57
"2021/03/22";-3,41;-7,44;-12,5;3,65;-16,05;-20,45;-10;7,07;-14,54;-7,54;-3,18;2,37;-5,22;2,64;-9,07;-6,6;-7,06
"2021/03/23";-3,89;-7,29;-18,04;-0,86;-16,18;-22,95;-9,88;1,36;-15,37;-8,76;-2,17;2,12;-8;-0,6;-11,63;-9,61;-8,33
"2021/03/24";-1,32;-4,99;-16,01;0,73;-13,64;-18,73;-7,1;4,1;-12,39;-6,66;-1,37;1,64;-5,5;1,87;-7,41;-6,86;-5,91
"2021/03/25";-2,3;-5,14;-15,02;1,5;-15,36;-20,11;-12,02;4,38;-14,42;-13,45;-7,24;-4;-5,71;0,57;-7,95;-8,54;-8,5
"2021/03/26";-2,12;-5,95;-21,76;-3,3;-23,38;-25,76;-11,9;-1,9;-19,58;-13,42;-7,07;-4,36;-9,22;-6,66;-14,85;-13,61;-10,57
"2021/03/27";-10,69;-18,73;-29;-14,86;-30,43;-34,76;-18,53;-17,17;-28,59;-22,34;-18,08;-13,22;-23,9;-17,87;-22,11;-25,87;-20,48
"2021/03/28";0,71;-9,54;-19,37;-4,82;-29,43;-32,37;-12,57;-12,16;-27,66;-19,72;-8,19;-2,09;-8,33;-6,79;-30,36;-11,12;-13,73
"2021/03/29";2,27;-4,04;-16,51;0,06;-17,61;-16,68;-7,08;2,69;-14,2;-10,26;-3,46;0,14;-5,89;0,27;-7,83;-6,39;-6,47
"2021/03/30";2,24;-2,86;-11,95;4,39;-17,01;-14,42;-4,99;7,35;-13,14;-9,92;-1,51;1,33;-3,32;1,98;-3,76;-5,44;-5,04
"2021/03/31";1,05;-2,93;-12,95;9,35;-13,31;-12,12;-2,85;12,81;-10,18;-7,27;-1,02;0,57;-0,81;5,1;3,36;-2,86;-3,36
"2021/04/01";-0,57;-6,55;-22,71;1,06;-22,24;-24,88;-1,82;-3,8;-15,95;-7,72;-3,71;1,34;-9,43;-2,34;-9,49;-7,68;-7,41
"2021/04/02";-4,76;-18,62;-24,28;-14,36;-34,89;-37,58;-12,84;-30,11;-32,92;-21,26;-16,6;-4,99;-28,13;-17,28;-29,73;-23,34;-20,03
"2021/04/03";-10;-20,38;-25,64;-6,63;-25,69;-31,37;-10,62;-1,07;-20,38;-13,38;-7,85;-2,29;-20,3;-7,09;-9,53;-14,97;-14,81
"2021/04/04";1,44;-10,15;-17,78;-12,85;-29,36;-36,53;-10,88;-5,74;-28,19;-18,28;-7,31;2,3;5,42;3,77;-22,7;1,33;-12,06
"2021/04/05";-24,9;-31,66;-34,94;-31,74;-38,99;-38,49;-30,43;-36,88;-41,04;-31,78;-32,07;-24,37;-34,41;-32,01;-37,39;-37,78;-32,53
"2021/04/06";-17,07;-21,41;-28,16;-8,7;-28,69;-31,45;-20;-9,13;-24,73;-23,16;-14,21;-10,03;-21,67;-6,63;-19,65;-20,78;-20,4
"2021/04/07";-16,19;-20,57;-27,18;-7,93;-28,49;-30,38;-20,11;-8,18;-24,16;-22,54;-13,73;-9,18;-19,35;-7,13;-18,08;-18,82;-19,62
"2021/04/08";-10,41;-16,9;-25,57;-8,33;-25,06;-29,01;-15,6;-3,59;-21,53;-15,91;-7,98;-0,32;-18,45;-5,04;-16,72;-16,29;-15,45
"2021/04/09";-7,26;-10,4;-20,15;-1,21;-24,22;-27,27;-10,36;-1,04;-18,55;-12,8;-2,91;2,02;-9,31;1,65;-15,6;-9,89;-10,94
"2021/04/10";-8,92;-13,51;-26,35;-18,1;-29,26;-28,54;-19,39;-15,26;-25,59;-22,39;-17,62;-10,21;-25,16;-18,57;-16,05;-27,1;-18,81
"2021/04/11";-9,02;-9,2;-13,37;7,13;-36,44;-39,32;-26,59;-31,89;-37,55;-34,17;-33,05;-27,66;-1,11;-10,26;-37,03;-10,86;-21,69
"2021/04/12";-10,81;-15,51;-19,88;-2,5;-16,74;-26,15;-14,2;1,11;-14,22;-15,34;-5,12;-2,35;-12,8;-3,28;-13,21;-10,39;-13